image,x,y,w,h
images/adfbecd6-dc58-40cf-b8fa-de1305046cdd.jpg,0.5,0.47890625,0.96796875,0.434375
images/10a0ce75-b29b-4f29-a6ca-3e018f52f467.jpg,0.46484375,0.44609375,0.1953125,0.125
images/5053e6c0-a80b-4daa-87ce-a6559c6a5823.jpg,0.3796875,0.625,0.065625,0.071875
images/28ebaa74-dcaf-4acc-aa9a-e199d73d5d99.jpg,0.6328125,0.34453125,0.734375,0.6078125
images/27bb99a8-f174-421a-8bb1-41867eadb852.jpg,0.4046875,0.32421875,0.10390625,0.1265625
images/afcb25fe-4db9-4d7c-9fb4-79420c00d7ec.jpg,0.5,0.63515625,1.0,0.575
images/a2aba9a4-4e4b-4da6-ba60-b06f10a1ee6d.jpg,0.5046875,0.50859375,0.7015625,0.48828125
images/e6c7f1fd-7585-4211-a565-7ae2729e3c32.jpg,0.2203125,0.146875,0.1625,0.1828125
images/8925c887-c026-4e2d-b678-52bd9a14592a.jpg,0.56640625,0.421875,0.865625,0.44375
images/60def485-7833-4e70-b5a1-0059fe00fd46.jpg,0.471875,0.25546875,0.09609375,0.1
images/5ab1cc7b-f170-4955-a3aa-b944a6c0d896.jpg,0.4171875,0.396875,0.50703125,0.29609375
images/87b669f5-aea3-4a36-8613-fd4b27185b71.jpg,0.4953125,0.4765625,0.95546875,0.65703125
images/97f655da-6e51-45f9-a5c1-f0e2fe2d50e8.jpg,0.48515625,0.6390625,0.3046875,0.36953125
images/860a0283-3699-45c0-ba24-6d1e20b4d92a.jpg,0.5,0.49609375,0.36875,0.325
images/faf4afd2-34de-4d77-ad7f-e6e47e30df7c.jpg,0.59375,0.13046875,0.02890625,0.03359375
images/bf504d83-9e60-4016-a07f-cf8439327475.jpg,0.5,0.32109375,1.0,0.6234375
images/fc192bb3-af40-4714-ba18-6a2bc4117ea1.jpg,0.5,0.33828125,1.0,0.459375
images/b220fcb1-f460-453c-913b-41f23eca2fbb.jpg,0.54140625,0.5015625,0.509375,0.71875
images/aa59fa46-9e1f-4a76-a107-43219d97d264.jpg,0.38125,0.3265625,0.709375,0.503125
images/42476ac4-ad15-49e6-97be-023c32d38462.jpg,0.478125,0.51796875,0.20078125,0.06875
images/2df0815e-b130-46bf-8533-2519b0b79d70.jpg,0.48359375,0.51796875,0.91484375,0.5265625
images/abef0db5-0879-42ca-a7db-4addc3299b2a.jpg,0.24921875,0.11640625,0.115625,0.090625
images/cb909763-fe83-4da3-a803-0f390260b24b.jpg,0.50078125,0.56796875,0.9984375,0.709375
images/916aa47c-cab8-40e8-8b7f-e82ea2bb7981.jpg,0.62109375,0.528125,0.6734375,0.6421875
images/12d68b55-5800-47d9-b5bd-547e2d3ab81e.jpg,0.61328125,0.50546875,0.74296875,0.8640625
images/d15bb2da-eaf6-4c0b-b954-fa34977bdcd9.jpg,0.55546875,0.43125,0.1390625,0.09296875
images/52c055c1-23dd-4c0f-8454-2d801f4c48d2.jpg,0.434375,0.54609375,0.1203125,0.09453125
images/f37befba-22fe-4fbe-a607-52b49cc8bc29.jpg,0.27265625,0.19453125,0.090625,0.1265625
images/932b3240-9553-431a-966c-fd7a4a6f763f.jpg,0.54921875,0.40390625,0.05859375,0.03203125
images/9dd291db-58e3-4607-b8e4-495b237e867b.jpg,0.47265625,0.425,0.57734375,0.54921875
images/0dccb644-c0fe-4e13-9495-12a1e419856e.jpg,0.615625,0.25859375,0.21640625,0.1140625
images/3b667783-985a-4faf-b13a-9a6fa2adc82d.jpg,0.5921875,0.52109375,0.6359375,0.75390625
images/75e40031-6800-4b50-90de-2adc6da44e35.jpg,0.45078125,0.45,0.0515625,0.03046875
images/1cf38a2e-1467-4f76-a828-0fd8a19fb670.jpg,0.565625,0.48984375,0.86875,0.75234375
images/1d2f9692-93b8-4d3b-8318-24c2dd74a4f4.jpg,0.5703125,0.57421875,0.85546875,0.6453125
images/451452d3-6de2-45f5-9e71-eb66a053695a.jpg,0.4953125,0.3375,0.990625,0.675
images/7082016e-b84d-4a60-9356-396c20aadcf4.jpg,0.54453125,0.31015625,0.9109375,0.5953125
images/d39c3a4a-a49c-48c4-81d1-ac21baedc4eb.jpg,0.5109375,0.4625,0.8875,0.66484375
images/a7dcbcf6-999b-46ed-a81d-4b16d5b83cb9.jpg,0.665625,0.3125,0.23046875,0.14140625
images/eb6dd7ac-007b-414a-85e3-66dd57096a8b.jpg,0.51015625,0.40703125,0.2015625,0.196875
images/e53f5d9f-63a4-4657-b390-66b310099299.jpg,0.50703125,0.48984375,0.128125,0.096875
images/43921aaf-039c-4dd0-9870-407440b5b873.jpg,0.48046875,0.50703125,0.8046875,0.9453125
images/7f5fb4fd-e1ef-42e0-b0d9-1a1240c913c3.jpg,0.48984375,0.49453125,0.615625,0.66796875
images/3e11134e-3bd1-46b9-8304-c8f625bd7dc7.jpg,0.26796875,0.4953125,0.44140625,0.37734375
images/e4b899aa-22a9-4d9c-9e9d-115c166cffd3.jpg,0.7578125,0.403125,0.34921875,0.246875
images/21e16965-d90c-4d8c-afc9-6c2c0f6c1d3d.jpg,0.48359375,0.45078125,0.8171875,0.59140625
images/0cba44bf-fce1-44bb-b56b-ea315faea304.jpg,0.575,0.465625,0.16015625,0.10546875
images/9485dddf-47a6-48fd-8c6c-04a476ef705a.jpg,0.5,0.3359375,1.0,0.671875
images/7a5cf145-98e5-40e9-ad52-86baf7bc1a5d.jpg,0.6734375,0.49375,0.16875,0.1265625
images/a3b0ddff-3010-47bc-9e98-d357a8218789.jpg,0.1828125,0.3703125,0.16015625,0.259375
images/240c5b00-c558-4da9-9f71-4fcbff254107.jpg,0.5,0.6140625,1.0,0.390625
images/10270582-2042-40a3-a6eb-a0343aac68fa.jpg,0.52109375,0.68671875,0.67109375,0.490625
images/018bba5d-1d6b-4f57-908f-561e9fff1dd2.jpg,0.5921875,0.46015625,0.07890625,0.0765625
images/76955b7a-af3f-46e4-8a69-efd098672e05.jpg,0.49375,0.37890625,0.34765625,0.1265625
images/c1b79c99-b548-41c4-8876-fa54d6c2e126.jpg,0.45546875,0.36484375,0.10859375,0.046875
images/bb8cc610-679e-4a6b-817b-1dbbec2bcc8a.jpg,0.5046875,0.30546875,0.8421875,0.4375
images/79db5f23-bd0e-427f-badd-308283478135.jpg,0.3859375,0.83359375,0.30078125,0.26640625
images/a9f07ec4-e328-480f-8a43-d84042311bdf.jpg,0.5,0.53828125,1.0,0.6625
images/a8d6352b-4d13-4c2a-b04f-0c459a9fb77b.jpg,0.50078125,0.34140625,0.94375,0.49296875
images/61803eed-ad07-4f75-a9a5-704f7f723b7c.jpg,0.34375,0.36171875,0.61015625,0.3203125
images/c0dbf793-8c94-434b-970e-a0f0100abf97.jpg,0.5671875,0.515625,0.13203125,0.0984375
images/6371305a-c86c-4cf5-993d-ed4a8348ac66.jpg,0.32578125,0.36875,0.5484375,0.65546875
images/f3773080-0b07-4f5a-ba22-2aaf3f21e2f3.jpg,0.265625,0.340625,0.15390625,0.178125
images/90d5e4fd-ed12-408b-9bc1-dfa774c8cfea.jpg,0.82890625,0.27734375,0.12421875,0.1703125
images/3b4e251f-95e1-4217-9af0-b9b60bc3eaa7.jpg,0.3296875,0.34609375,0.040625,0.04140625
images/d0892ddd-d70b-4202-b149-f8e160f38c9c.jpg,0.53046875,0.48359375,0.71875,0.61953125
images/5e83b55f-277b-48ba-85bc-5e8d5fcfa857.jpg,0.515625,0.659375,0.934375,0.48203125
images/0af5a657-878d-4d3e-a2bf-9bb7710ff654.jpg,0.5,0.4046875,0.69453125,0.3390625
images/5ecd3a06-f8c6-4bcf-80bb-d009bc19b198.jpg,0.51875,0.30234375,0.96171875,0.5359375
images/0b29ea0e-2314-496d-a0ca-7207fc951af6.jpg,0.61953125,0.4359375,0.221875,0.353125
images/b056fc5c-5864-4238-bf0e-fb7828ec3dae.jpg,0.45234375,0.48125,0.753125,0.39453125
images/fe70e13f-faac-4234-8353-72f1831995df.jpg,0.4765625,0.2671875,0.11328125,0.0546875
images/85af375a-0b9c-4d41-aaa0-521bab157361.jpg,0.50546875,0.48359375,0.95390625,0.44765625
images/9c77f844-df72-4482-b24b-a8a76eb4a02e.jpg,0.4484375,0.38203125,0.053125,0.053125
images/22b56fb9-c483-4aff-9bab-80807b79e5c0.jpg,0.4921875,0.46640625,0.17265625,0.21640625
images/424f0ea8-569e-4c35-ad2d-468734cd6e7f.jpg,0.35078125,0.36953125,0.1140625,0.10546875
images/dba5e8f6-46d1-4b6f-b9b7-809ce443c1d7.jpg,0.46015625,0.746875,0.109375,0.0984375
images/a812f608-8fe1-44be-ba76-270bd53ac59e.jpg,0.53359375,0.53671875,0.64296875,0.7453125
images/f1f78e43-4a3d-455d-9573-d9f458b3a59b.jpg,0.54609375,0.275,0.725,0.496875
images/b440840f-b3c2-42ac-9e02-2bfc116bfcbf.jpg,0.48359375,0.1875,0.3296875,0.1453125
images/fcebe304-7c1c-43ba-8d50-e50489391ac2.jpg,0.36953125,0.5140625,0.28515625,0.1
images/fce37d3e-8a1e-429a-84a3-f0bf1e52dc8d.jpg,0.45,0.5625,0.7109375,0.8046875
images/df8ba792-43e2-42d2-8000-d9359c8e42b2.jpg,0.546875,0.65859375,0.14921875,0.13125
images/2ac2b595-c755-4957-a1da-3d8e36084b8d.jpg,0.5140625,0.42578125,0.96171875,0.29921875
images/8c19f745-324a-4763-b500-576ff0d2d990.jpg,0.5,0.25,1.0,0.415625
images/60987c37-381f-4c71-b65d-ca64381a507b.jpg,0.4828125,0.3875,0.05390625,0.05859375
images/afff4691-8e94-4eaf-a5dd-c20b81ba40c9.jpg,0.48984375,0.671875,0.5875,0.36875
images/63d85580-541c-4d43-b913-fec1c0307c71.jpg,0.646875,0.56015625,0.06953125,0.09375
images/366f5b80-7a8c-49f5-8e10-fa83e7e6f172.jpg,0.8828125,0.06328125,0.134375,0.1234375
images/eb0c23fe-7b34-4ae4-a2ea-c7c8b5ad7e3d.jpg,0.628125,0.32890625,0.0875,0.13046875
images/908c9e34-e799-4972-8c42-95993ba4ae66.jpg,0.26875,0.56640625,0.521875,0.4890625
images/ab1be246-79dd-42e0-b3cd-1cce6221cba4.jpg,0.5,0.42890625,0.071875,0.05859375
images/5724c874-d66b-408e-b452-72b5c2f07af5.jpg,0.19140625,0.23984375,0.2515625,0.1765625
images/48765978-7f42-41f6-9d8e-bf02f0b489c1.jpg,0.48515625,0.5,0.675,1.0
images/1a8637ee-f475-4e12-83eb-fefbadc35732.jpg,0.246875,0.390625,0.190625,0.146875
images/950c0188-6d28-4542-81e1-75718fa359c9.jpg,0.50859375,0.35703125,0.8828125,0.61875
images/0a4eeeed-47e3-4f47-aa84-844972af48e5.jpg,0.51796875,0.24609375,0.66875,0.490625
images/54151ab8-6bb3-490f-bbed-1a0ea0cf2d45.jpg,0.46640625,0.3609375,0.8234375,0.50546875
images/c1a3e0cd-4346-43df-b79b-5e779044be39.jpg,0.25078125,0.48125,0.125,0.04765625
images/5c7b0e29-3a48-450f-a998-12c4f4a7185d.jpg,0.53671875,0.39453125,0.0984375,0.075
images/d2563412-d700-4029-a3ae-dee8bd2a36df.jpg,0.471875,0.25546875,0.09609375,0.1
images/080057b6-46e6-4ecb-8fe7-b83bc57be46c.jpg,0.621875,0.296875,0.19921875,0.278125
images/71868c19-24c4-4102-a1e5-e5a129885d5c.jpg,0.3546875,0.42890625,0.1625,0.1140625
images/d10f1317-8d92-4a89-9550-dd750e26e2ac.jpg,0.278125,0.5453125,0.5234375,0.72109375
images/8c137a3f-53c9-4418-9023-d1567b85fbea.jpg,0.63203125,0.36484375,0.209375,0.19375
images/5863e6ec-4edd-43aa-847e-eefcdf480d86.jpg,0.503125,0.5015625,0.99296875,0.46640625
images/9dc3e369-b2cb-46a9-8e23-bfc92c52592e.jpg,0.65625,0.16875,0.2890625,0.20078125
images/e0adc8a0-35e3-48cf-9eac-fb190af49eff.jpg,0.48046875,0.50703125,0.8046875,0.9453125
images/b57db89b-1f50-4f6c-b8af-e37b76727315.jpg,0.55,0.228125,0.05,0.06640625
images/0a98b727-c9a3-40df-88a7-4d79074f574c.jpg,0.5015625,0.509375,0.11171875,0.096875
images/de9b6a93-da37-491d-b45f-9086e9c344f4.jpg,0.59296875,0.303125,0.4984375,0.415625
images/bf7df033-2e0c-4b12-bbf6-2154255ac6a3.jpg,0.61484375,0.3171875,0.17265625,0.084375
images/6086db35-b536-4d70-850b-99ba775204cc.jpg,0.5,0.84453125,0.10703125,0.103125
images/da3c6e39-6380-48bd-88f9-bbf809015391.jpg,0.43125,0.4125,0.78203125,0.825
images/2f045d16-37ed-4349-aea2-46289f5ff467.jpg,0.5828125,0.3,0.615625,0.2875
images/07c780e9-b020-4992-9986-e7a1ebc497a3.jpg,0.371875,0.409375,0.11640625,0.04296875
images/2a3668de-ed5e-43b1-91e1-77aec5dc4db4.jpg,0.69375,0.42109375,0.134375,0.16953125
images/aafa615e-94f0-4c9d-82ab-9181ef1fcd28.jpg,0.509375,0.29375,0.96796875,0.50625
images/35250fcb-ee64-4fa0-8659-5ea7b3b928f2.jpg,0.48828125,0.49609375,0.9765625,0.590625
images/2d07f63b-3412-48b0-968c-63cdeadaf9bf.jpg,0.4953125,0.653125,0.64375,0.471875
images/e233c99e-87d1-4ca5-bf2a-40a90ba5cb12.jpg,0.47890625,0.51015625,0.67578125,0.59140625
images/7c84dc0f-efb8-4a11-bc36-dc2641bc9e9c.jpg,0.5296875,0.42890625,0.109375,0.075
images/11f58cca-4623-4202-becb-45d04c807cb6.jpg,0.56171875,0.55859375,0.1765625,0.08046875
images/e1b7ad97-a16b-4b47-b3e8-36b5e4f07bad.jpg,0.4921875,0.57265625,0.821875,0.3828125
images/6149140e-c32f-429a-8711-b988d9dc1576.jpg,0.32734375,0.61484375,0.4328125,0.66875
images/c667d026-9f98-4bec-8c7b-724d5537d1f9.jpg,0.7234375,0.35390625,0.12734375,0.13046875
images/5a9a1c47-57d6-449a-adc0-ae66c0d0ad8b.jpg,0.67109375,0.43203125,0.0984375,0.146875
images/4ddfadac-8ffa-4809-aa9a-382fe923154e.jpg,0.521875,0.834375,0.34140625,0.2984375
images/108ec929-2b51-4f67-ba3e-569543ba7241.jpg,0.521875,0.48359375,0.64921875,0.29375
images/9a8ba8a1-2baa-4830-a455-a597e4206198.jpg,0.7875,0.29453125,0.10625,0.15
images/a0346bf5-3698-4ec3-85d0-9e2e6acf2847.jpg,0.6609375,0.44453125,0.18359375,0.1390625
images/1a537680-9a57-41f4-bc33-dcbb10ffe382.jpg,0.3484375,0.70625,0.14140625,0.1015625
images/fc2496d2-65af-4ff2-a257-eaa768f2266f.jpg,0.52109375,0.6046875,0.9359375,0.69765625
images/c3075bc8-cb38-4e34-8ef8-02e3190641be.jpg,0.5,0.51953125,1.0,0.57734375
images/a6b06dac-ce15-49b4-aaad-472822c1358e.jpg,0.51875,0.50859375,0.8125,0.36328125
images/d5b82882-0e9d-467a-a25c-723ca29a4522.jpg,0.5,0.5296875,1.0,0.60546875
images/d78c742e-25ce-4e3c-92dd-db3850d00f15.jpg,0.4453125,0.425,0.30078125,0.1640625
images/4e648d87-b15e-4331-84d5-74f585782532.jpg,0.525,0.52265625,0.765625,0.48125
images/15f4b0d5-ccb0-4d87-8896-f40e6d2a4318.jpg,0.19921875,0.3453125,0.07421875,0.10390625
images/f3f0798e-4422-476f-aff0-d6670bf3d2b5.jpg,0.559375,0.41796875,0.09609375,0.08046875
images/6bd6d399-feff-44d7-8c94-0a50cf6adc0d.jpg,0.509375,0.4875,0.94375,0.846875
images/ed064b86-11e0-434f-88dc-83e770884bc4.jpg,0.403125,0.65859375,0.37734375,0.26875
images/9b044985-b1ca-4be5-8d81-40a2036afb75.jpg,0.50625,0.51171875,0.9125,0.9765625
images/f451854e-0a2f-4af1-992f-8c58a51ebd76.jpg,0.44609375,0.5125,0.1125,0.096875
images/0c3f012e-f65d-4793-8dde-3d6e88ab5ca9.jpg,0.4703125,0.49453125,0.3140625,0.4203125
images/40810fbb-47f9-4179-bb15-5218a1975787.jpg,0.4859375,0.29140625,0.075,0.04375
images/88907d55-63fb-4eea-8ff9-d5109c0ea5fa.jpg,0.52421875,0.53203125,0.12734375,0.08828125
images/18485192-16f8-4224-9443-e632546b3b12.jpg,0.5,0.3484375,1.0,0.45625
images/f0e96153-757b-4cb5-9249-cc77d2e957a0.jpg,0.4984375,0.35078125,0.996875,0.6796875
images/9cd83a4b-7082-4368-90eb-3d0a638286c2.jpg,0.48671875,0.540625,0.93125,0.8515625
images/d56d3d5f-fc52-470c-a89c-cf810cb957f9.jpg,0.5,0.328125,1.0,0.65625
images/d7d04b73-7c86-4bf8-a0cd-bb6a43f5eb4d.jpg,0.51875,0.83046875,0.35,0.3
images/1008d54b-613a-43a3-90ad-9bc2e9c2ea0f.jpg,0.5,0.421875,1.0,0.84375
images/9985d88e-e349-4340-ba60-715b64ad2c90.jpg,0.5,0.28359375,1.0,0.5671875
images/3480da1c-3cf6-4d65-9cc0-022c54cde555.jpg,0.5421875,0.41953125,0.11875,0.10546875
images/8f28068d-2578-4144-b34b-4c1eb651800c.jpg,0.55,0.38046875,0.1125,0.09453125
images/b6f144c1-9eec-489f-848c-2ead364087df.jpg,0.621875,0.2421875,0.24609375,0.30390625
images/1ff9f6cf-a2ac-4079-8ad6-627fd0fe598a.jpg,0.18359375,0.65390625,0.05859375,0.05625
images/b7beb777-a0f3-40d0-9bea-b046b4006652.jpg,0.58125,0.4859375,0.10859375,0.08046875
images/c08828cc-f288-4da7-a0b6-faf172ae373f.jpg,0.64296875,0.4,0.090625,0.0875
images/cb4e9dba-7d26-43cb-904c-23d5b079ed4d.jpg,0.50703125,0.48984375,0.12890625,0.09765625
images/b62d0bd1-1b12-410d-9745-bb58274fe595.jpg,0.73984375,0.321875,0.51953125,0.52734375
images/da181511-9db8-46c3-baf5-f900b1f39780.jpg,0.29140625,0.325,0.4859375,0.39140625
images/bccd5f8f-2e3f-4fe4-aceb-5cc5c3f425ec.jpg,0.62265625,0.4609375,0.71953125,0.71171875
images/cad7eb8c-aa2d-411c-ba81-e29eb4e73ec0.jpg,0.51015625,0.52109375,0.884375,0.4359375
images/8f9ddb14-1506-477a-97cd-dc2936c73aa5.jpg,0.41484375,0.5015625,0.2078125,0.13046875
images/70a9e966-3834-4aab-8ac0-8042795d5e30.jpg,0.31328125,0.36171875,0.3875,0.26640625
images/906df730-0670-4f68-997a-ee5b4d579b1c.jpg,0.5890625,0.23046875,0.62578125,0.24921875
images/129fb3f6-0caf-4d0c-adeb-e1e43d43dc6b.jpg,0.47890625,0.4671875,0.51171875,0.434375
images/c4d1a90e-b27b-4c31-bd39-fa162fab32f6.jpg,0.7265625,0.57421875,0.0828125,0.10546875
images/324f61a3-8c7b-4681-99a1-aac8785a1493.jpg,0.52109375,0.28828125,0.88125,0.4234375
images/96978c6a-56aa-4dc5-a6c2-d73cb7219b26.jpg,0.48671875,0.5,0.6671875,0.6640625
images/4cb5010b-5b09-4077-8774-2ef79b8d6bd2.jpg,0.51640625,0.375,0.86484375,0.6296875
images/75bba77b-9e19-4fc4-bf2a-ced389a531a4.jpg,0.6375,0.3984375,0.071875,0.05546875
images/9b8976e4-e1a8-423b-b6bd-857eb099e8ba.jpg,0.54609375,0.39140625,0.7796875,0.478125
images/9404e0e9-0f45-4007-bceb-3f2c8f4c6c8f.jpg,0.46328125,0.54375,0.190625,0.2515625
images/5cef8562-62c6-4ce7-9059-8cfc6eda12dc.jpg,0.5609375,0.371875,0.078125,0.08125
images/b2d2e954-bf2a-443c-bfbf-7d334d633e52.jpg,0.6765625,0.16015625,0.1859375,0.0609375
images/c1243b50-3ee4-490c-b4a4-c56ce7d9415e.jpg,0.34140625,0.35625,0.2515625,0.26796875
images/b29445a8-f0e3-40ce-ac69-b2a6867189e7.jpg,0.3703125,0.56640625,0.109375,0.13359375
images/2ce33cde-3a7c-4650-b356-fe0c761b5f49.jpg,0.5015625,0.49765625,0.98203125,0.8890625
images/461168f7-b31b-4ea0-9238-b673ae8a7015.jpg,0.50234375,0.28203125,0.140625,0.15546875
images/8b4e666c-7d6f-4b28-9287-c634fc5d2bc5.jpg,0.5375,0.465625,0.69609375,0.40390625
images/63a5bb7f-b794-4c40-a1ce-8f886a08855b.jpg,0.4734375,0.64296875,0.45234375,0.4359375
images/5d043553-7b36-4615-9782-abc3b45223c1.jpg,0.50859375,0.465625,0.88515625,0.653125
images/d8822289-30e6-4a9c-a9f3-527ea241e6dd.jpg,0.24140625,0.27734375,0.14375,0.2140625
images/0d2a63e3-12b5-4bf0-9f30-126345e0033c.jpg,0.496875,0.5125,0.09453125,0.078125
images/7a1d2f99-61fd-4a62-bb67-5293e0b7bee2.jpg,0.49140625,0.43828125,0.09296875,0.0375
images/0ddbe198-443c-42be-b00a-0b39225a55a2.jpg,0.48046875,0.3859375,0.2578125,0.125
images/b9d59a81-4ae5-4f0a-be91-524ed828f96b.jpg,0.5140625,0.259375,0.89296875,0.50078125
images/59eefabb-b140-4098-9617-f19e0583c711.jpg,0.56171875,0.48828125,0.040625,0.0515625
images/7be9fbbd-6ec8-4231-94ee-cb5425e51c37.jpg,0.5,0.3765625,1.0,0.5734375
images/53107224-52f6-4652-ab4b-dc845ae1cc9d.jpg,0.78359375,0.528125,0.1625,0.13359375
images/aa5e06e6-82f3-488b-8d55-f4a2722c7e2c.jpg,0.6,0.3265625,0.2296875,0.1265625
images/009f0ec8-df93-4c6d-8709-5f86af069a26.jpg,0.50078125,0.27734375,0.9984375,0.55078125
images/67f2bafc-8888-47b4-ab26-dee7ba0402c8.jpg,0.621875,0.775,0.109375,0.075
images/bcfe5e29-3fad-46d3-bad1-3e353892b823.jpg,0.534375,0.27890625,0.08984375,0.1109375
images/ad2f6a0e-96ef-49ce-863b-68e31a08912f.jpg,0.18203125,0.40625,0.18125,0.1703125
images/8beb08a2-bcdd-4a15-9790-9a3f79bc0249.jpg,0.46328125,0.53515625,0.1078125,0.090625
images/60b473fc-32ce-4afc-8ae5-76e76e146563.jpg,0.50625,0.3671875,0.61796875,0.33203125
images/e2d6304b-307a-40b7-8282-78a01aad1003.jpg,0.46640625,0.26875,0.6109375,0.3625
images/ab00229d-c970-47ff-a57d-20e4c61294d4.jpg,0.5234375,0.490625,0.3125,0.4640625
images/28b05200-37fe-46c0-9579-85173c30985a.jpg,0.684375,0.42109375,0.1125,0.08046875
images/70e0bcf9-337f-497d-b52b-e0cde9deeada.jpg,0.40625,0.27109375,0.2921875,0.41796875
images/156a1c8d-438b-42a4-b0ae-80f6644a2ee4.jpg,0.49765625,0.4671875,0.30703125,0.2234375
images/964d6fa1-0ff4-48ff-a7a0-2bfd5af841a1.jpg,0.6140625,0.32421875,0.07890625,0.1015625
images/c017ba46-4dfa-4636-b893-a21a20718c83.jpg,0.4953125,0.4671875,0.8703125,0.934375
images/c1615f20-2bd6-4321-a994-33f4969f0fc3.jpg,0.5,0.46484375,0.71875,0.4765625
images/d9effb15-12e8-40b8-9942-58434d969528.jpg,0.54609375,0.48125,0.16015625,0.10546875
images/2c814c98-20d2-4f85-bd3e-2741e0983fde.jpg,0.659375,0.115625,0.23046875,0.1984375
images/bde88d40-36e9-4c53-bc2b-f07d40fb3127.jpg,0.4953125,0.36484375,0.4515625,0.3515625
images/59f40486-30cd-4447-9a8a-9d86cdd1a8d3.jpg,0.51171875,0.48359375,0.87109375,0.6765625
images/74bd99bf-0138-4330-8951-20f331220560.jpg,0.4578125,0.4671875,0.04140625,0.0203125
images/9ff1f57c-b966-4f2f-a0cc-6b76a3133a9b.jpg,0.58984375,0.42109375,0.1625,0.15
images/19e6816c-fea6-47d0-821e-685b02387a5d.jpg,0.72578125,0.3796875,0.54765625,0.36171875
images/198d598b-6fed-4a39-94c7-5d78f08a7dbb.jpg,0.40625,0.3875,0.09296875,0.096875
images/92405bdc-b879-4127-b087-df87950f11c1.jpg,0.48125,0.40625,0.4421875,0.1859375
images/10b12e8e-4ac1-4f57-874c-7cfbaeb7751b.jpg,0.48046875,0.42109375,0.68515625,0.38671875
images/1c3af233-b250-4776-9923-7818c76fedc7.jpg,0.5,0.2765625,1.0,0.54609375
images/5f058144-df30-4ccf-9faf-5d5005e539d1.jpg,0.490625,0.1890625,0.15234375,0.12265625
images/6f755c12-dbc8-4a98-9569-54258c479023.jpg,0.54140625,0.4953125,0.41328125,0.27421875
images/56b5de55-7e4e-4277-81c0-edd75c507505.jpg,0.7015625,0.2234375,0.2890625,0.15703125
images/b813a8a6-655a-445c-9c32-9bcda90698e5.jpg,0.5859375,0.47265625,0.18125,0.159375
images/93ae77ad-de37-46ff-85b8-a8c9986f689a.jpg,0.403125,0.421875,0.1875,0.1109375
images/616a98f7-aa3b-4a4a-a858-0b074c755c96.jpg,0.50625,0.45703125,0.9875,0.6515625
images/a1053577-48fe-4dcc-ae47-fad20b09b203.jpg,0.4890625,0.50703125,0.115625,0.09609375
images/dfde8c4c-f79a-44ab-b606-e2796458e0ca.jpg,0.4484375,0.24140625,0.21875,0.15546875
images/02309eda-7277-4912-b1cd-222a42b5fc66.jpg,0.703125,0.12421875,0.06484375,0.0765625
images/1c5187d2-1d47-4a25-9c2c-77deb25fd6a8.jpg,0.5,0.1890625,1.0,0.378125
images/e8ea6836-37ef-43b7-820b-970949202fc1.jpg,0.6125,0.1578125,0.10703125,0.0984375
images/0d9789eb-3a93-48c9-851d-225d89bd7d58.jpg,0.5078125,0.41640625,0.98203125,0.353125
images/49ea1d08-7ea3-4a25-8b7f-6eadede2cdad.jpg,0.4875,0.38203125,0.0625,0.0640625
images/30c4f9bd-9260-4584-a5f1-a592af201824.jpg,0.3453125,0.7875,0.1078125,0.121875
images/737dee21-8231-4825-96f5-8ad04fae1800.jpg,0.54375,0.23125,0.146875,0.11953125
images/ad98eb08-721e-4022-922a-9eef1a139108.jpg,0.5,0.346875,1.0,0.54296875
images/598986f7-c2de-4847-982b-b2f574915af7.jpg,0.49921875,0.4765625,0.4921875,0.2921875
images/dc63b6db-63cf-4bcd-b325-934864bd2f89.jpg,0.721875,0.76875,0.09921875,0.10390625
images/34666f1e-1b45-4c92-bfd4-3f361577e8db.jpg,0.6484375,0.81953125,0.08125,0.13359375
images/64c9a2a7-2192-4660-9cfa-5cb54bc6c5c8.jpg,0.39609375,0.40078125,0.12265625,0.11640625
images/26e6f109-8031-4ba9-95ce-5774736f7788.jpg,0.428125,0.38984375,0.75546875,0.2734375
images/7988e36e-5132-469e-919f-733365860b24.jpg,0.50390625,0.52578125,0.8875,0.6703125
images/48f0a764-1df8-45f3-81d9-13f2be5deb56.jpg,0.50625,0.43359375,0.94296875,0.73359375
images/1a6b3cea-0bbf-48a8-9bf9-2cde6877fb9f.jpg,0.50078125,0.4390625,0.99765625,0.87265625
images/a8172086-5930-4826-86dd-ebde2dae2f4c.jpg,0.46796875,0.23203125,0.6078125,0.125
images/dcab2dde-191e-418c-beed-d805ba7aee4b.jpg,0.53828125,0.275,0.2734375,0.3
images/a260ba80-4bb3-4364-b8d2-aa75cbd2083a.jpg,0.5109375,0.50234375,0.90078125,0.7234375
images/7f0a7164-0e01-4dec-9952-79d504a4316b.jpg,0.6421875,0.3875,0.134375,0.06640625
images/22710d78-ae1c-4e96-b961-0c4cf9515707.jpg,0.51796875,0.4890625,0.9203125,0.5953125
images/f4917c23-09c6-44d3-bc62-91dd1b8ab8f0.jpg,0.4640625,0.5015625,0.21875,0.11953125
images/e706b789-d3fb-4a1d-8b5d-c2d87e7b0129.jpg,0.425,0.44453125,0.65703125,0.7828125
images/c123d8b5-e738-4f76-bb94-1402bf4b54d7.jpg,0.48671875,0.39609375,0.2390625,0.14140625
images/7f82fbf7-1e37-4c0f-b5bd-29e78fd5fa83.jpg,0.7453125,0.2453125,0.434375,0.34765625
images/e3b95caa-fa5b-4ea0-9981-4e50975cd21f.jpg,0.48203125,0.409375,0.4,0.38359375
images/1de2bf8a-d78e-478e-adc8-db153e35d224.jpg,0.46328125,0.52578125,0.7984375,0.34296875
images/8fb8a93c-645f-493c-ad46-77aed1443ed2.jpg,0.390625,0.4921875,0.12265625,0.084375
images/da29b966-680a-47ab-9627-339ebf176262.jpg,0.6078125,0.5125,0.13125,0.1421875
images/fc5379fd-48f2-413c-ac45-3029ec0b2d84.jpg,0.49375,0.39609375,0.8140625,0.71328125
images/6edb98fa-9fe4-464c-bfee-82eab85501ee.jpg,0.61640625,0.7984375,0.35,0.15703125
images/c1ce9690-4964-489c-bae1-27f18aab29da.jpg,0.3390625,0.528125,0.08125,0.08359375
images/fd53a453-4cf0-4a3d-8c23-18cf6dd6bc88.jpg,0.49296875,0.54609375,0.4,0.2765625
images/1449e890-4768-4696-a365-777e90d9203a.jpg,0.55625,0.503125,0.10078125,0.0859375
images/61a472a8-eeb0-40f2-9268-13f724f213c7.jpg,0.50625,0.56171875,0.5234375,0.6859375
images/c82972ac-c1da-4d2d-b6cf-3634143865d3.jpg,0.4375,0.43203125,0.05,0.04140625
images/f4cc65cc-7b45-4aa7-8bbc-0a3e3414380d.jpg,0.48984375,0.340625,0.15625,0.153125
images/8df14c90-d6c0-45e8-879a-57d77d665b7c.jpg,0.50234375,0.4046875,0.5921875,0.2328125
images/a4c90937-db00-4378-aeaa-16204269f062.jpg,0.3953125,0.28046875,0.125,0.15
images/e518e590-f51d-47f2-8163-de8705c1443c.jpg,0.62265625,0.69296875,0.0828125,0.096875
images/e74e9761-6e46-42cf-b510-3a7dcb7bbc9d.jpg,0.50390625,0.35390625,0.984375,0.52421875
images/f5942483-ecdd-4c02-ad5b-eca46f647b81.jpg,0.496875,0.328125,0.8703125,0.521875
images/3f39ebd2-c1ae-4106-813b-1723a9518ae3.jpg,0.50625,0.28671875,0.9875,0.5734375
images/2ad207d7-9bd0-4cb3-a8e8-ccd8c6c49d3e.jpg,0.5,0.29453125,1.0,0.5890625
images/01cebe8a-ee85-40b9-979f-f0e0e19a5dd7.jpg,0.58984375,0.478125,0.2171875,0.175
images/6ffa3269-bbef-47e1-a909-f7fac0bba56c.jpg,0.503125,0.6125,0.9453125,0.4765625
images/959e0ab2-aa9d-4fb4-9c26-a88c2df3eed9.jpg,0.490625,0.3953125,0.19296875,0.165625
images/5fad8b07-38c2-4022-9180-705011e92956.jpg,0.39921875,0.29453125,0.7984375,0.5609375
images/d4f21912-0092-44c3-ad7e-1e7b22cdbf04.jpg,0.60546875,0.32578125,0.43203125,0.34453125
images/2b0b2608-3e7c-4fff-8078-7a135cddd6a4.jpg,0.54609375,0.35703125,0.4421875,0.35859375
images/802c3b41-d8e6-42a4-9e59-1242426d8413.jpg,0.3265625,0.40078125,0.43984375,0.34609375
images/0de19737-6e0b-47a0-ac56-8297e5700888.jpg,0.5078125,0.49609375,0.078125,0.11484375
images/71b7cded-a7e3-4856-ae41-da9bd6486b16.jpg,0.46484375,0.48046875,0.7359375,0.434375
images/79ccb30c-5bd4-4b2e-9e49-0a64753328db.jpg,0.51484375,0.3859375,0.103125,0.04375
images/9636a87d-1fc9-4467-a67e-56feeacb4cc9.jpg,0.5296875,0.5734375,0.03203125,0.04140625
images/7a6587d8-644a-43d8-80e6-7be556247d12.jpg,0.56484375,0.309375,0.03671875,0.04765625
images/4175b6a4-d139-4b56-9b5e-db76b7139828.jpg,0.525,0.4578125,0.80703125,0.4546875
images/634905e3-d443-462f-84fd-9678cc46c0b3.jpg,0.471875,0.403125,0.05625,0.05546875
images/14b730aa-67e9-4a17-9109-b0b5c488f9c2.jpg,0.50390625,0.52734375,0.96640625,0.62109375
images/3aebbdb4-d59a-4aff-9d66-d32388f76646.jpg,0.503125,0.421875,0.96640625,0.31640625
images/604b7a71-521e-4392-815e-ed1c122af7df.jpg,0.615625,0.328125,0.72890625,0.371875
images/51f882f2-3d90-40e2-9fec-df00d808dac5.jpg,0.64140625,0.49609375,0.1953125,0.15859375
images/7d435432-14f4-4d0a-852e-f2269ea9b379.jpg,0.53046875,0.3359375,0.1171875,0.09453125
images/a2c71ed0-e568-47ce-8a48-7590ce2e8538.jpg,0.48125,0.409375,0.94140625,0.35859375
images/42a03229-6b12-41f6-a57e-5ab4a66ad400.jpg,0.48203125,0.60078125,0.16875,0.13203125
images/01534f82-7456-4967-8a55-efb64bab7f88.jpg,0.375,0.50078125,0.1234375,0.12109375
images/e318e282-6ffb-4d6b-8624-4dfb9a3da018.jpg,0.45390625,0.50234375,0.90703125,0.48671875
images/1b50be8c-c6b7-4d8b-85e3-8c9f91a7e343.jpg,0.7109375,0.3578125,0.4328125,0.20078125
images/43ffed60-8be8-41ce-b182-a584a205d13d.jpg,0.45234375,0.31484375,0.33125,0.18671875
images/1f17095d-3430-4615-a739-46c95e043fe3.jpg,0.34140625,0.62109375,0.2875,0.2390625
images/4ec2e7c6-f073-4146-8efb-df207cd4a358.jpg,0.5015625,0.45859375,0.64609375,0.55234375
images/2cf1dec7-e02e-441e-b583-5d14b58ab3b0.jpg,0.50703125,0.34921875,0.9859375,0.40234375
images/524e4987-c01f-458b-9c01-71fbb0a47d73.jpg,0.384375,0.40234375,0.1140625,0.07890625
images/4f8d469e-f92e-4d48-b1e9-c7b38ec01254.jpg,0.634375,0.37421875,0.24296875,0.2015625
images/5e3724d7-e6b9-46ff-97b6-9e0af1b195f3.jpg,0.503125,0.3671875,0.759375,0.459375
images/3cdd4239-2531-4231-bc5f-75f8946f1d31.jpg,0.72578125,0.5671875,0.1671875,0.134375
images/d640ac4a-cc1a-430c-9cb9-8ab372e9b607.jpg,0.60078125,0.22734375,0.1046875,0.1484375
images/ae914b4d-a706-4749-9533-7b4e026ed635.jpg,0.44609375,0.3171875,0.88125,0.5609375
images/0e47aeb5-99f0-4ce4-8fef-318b4ae82915.jpg,0.17265625,0.69609375,0.11953125,0.0765625
images/d0a969a7-f0e4-49e1-a43f-8168d9d03798.jpg,0.4796875,0.3984375,0.896875,0.66484375
images/bfcc0d72-1f85-4c4e-80fa-bfd56492124f.jpg,0.40859375,0.60078125,0.115625,0.10859375
images/5925865c-a8e1-4770-8801-09259e0e3da9.jpg,0.509375,0.653125,0.11796875,0.10390625
images/fd12c242-048b-456c-9ac3-7848c9332e17.jpg,0.453125,0.23046875,0.19296875,0.21640625
images/ab48d7ed-6cbd-477b-bff4-2e7d84057f48.jpg,0.51484375,0.47421875,0.90703125,0.51171875
images/a1598c05-cb54-43df-81d9-cf9f9d48456c.jpg,0.50078125,0.496875,0.9984375,0.94375
images/39c0f106-584f-4daf-aa34-45251f4e9220.jpg,0.4796875,0.1546875,0.05703125,0.0921875
images/7796915f-fdcd-46c2-b000-118b40c6e4d1.jpg,0.50703125,0.44921875,0.95078125,0.48046875
images/f269cd20-051e-436b-b282-3cbbeda739d8.jpg,0.5875,0.46796875,0.20390625,0.171875
images/941b4606-5a86-4d71-8de2-ed34296c9cf9.jpg,0.30625,0.31640625,0.06875,0.05
images/b1fe6711-be7d-42a5-9294-eff16c65b259.jpg,0.49453125,0.575,0.084375,0.1
images/e44373e3-d2c6-4855-90be-4626e288ee2f.jpg,0.56171875,0.55859375,0.1765625,0.08125
images/70f7b951-d972-4a05-a803-5ff02c2f5833.jpg,0.2796875,0.24140625,0.14453125,0.18359375
images/d2a77c6a-c85c-45b2-969f-d43e633cd2a9.jpg,0.35234375,0.340625,0.2359375,0.15859375
images/ecf6552d-9de9-4a02-81c5-16174f083d44.jpg,0.64453125,0.22265625,0.5765625,0.1765625
images/6b7c8a7f-1e94-45e0-b925-0a931c2b9999.jpg,0.50078125,0.5015625,0.0640625,0.08984375
images/7f82439e-340b-480a-8d76-cf802ba6490b.jpg,0.459375,0.53125,0.11015625,0.1015625
images/4a434900-dff0-4b12-8341-bf4c69429ec2.jpg,0.4109375,0.5203125,0.11171875,0.090625
images/a238493f-4d34-4aac-ad07-7e3371e801d1.jpg,0.53125,0.49296875,0.07734375,0.078125
images/21b13a51-3751-4490-860e-237c477e19d2.jpg,0.5234375,0.48984375,0.09609375,0.1234375
images/c915c167-c1f1-4a39-8e44-eabd26cf61d5.jpg,0.52578125,0.48203125,0.9484375,0.3453125
images/2800ef99-46a6-425c-80ff-945df1e2e245.jpg,0.5,0.4375,1.0,0.51171875
images/0a000c31-3bc9-4140-b46a-0a6d429843d8.jpg,0.51328125,0.275,0.8734375,0.51015625
images/eec13dff-473f-4179-bac6-9a9c2917ce9c.jpg,0.515625,0.21484375,0.02265625,0.040625
images/90f11eef-5b11-4b23-87b4-c5b47c35730c.jpg,0.46640625,0.515625,0.7046875,0.52890625
images/3e7aaf62-402a-4403-8533-046f78410954.jpg,0.578125,0.48203125,0.13515625,0.14140625
images/8d52f6ae-5d22-4314-b734-ecf8ee11fe31.jpg,0.52109375,0.39140625,0.51875,0.259375
images/9be37037-fbbd-4ae6-be04-1255cf933eb6.jpg,0.5546875,0.39609375,0.14296875,0.08359375
images/ae36ea61-f30b-446d-bbfe-feb398e828f6.jpg,0.565625,0.55625,0.07578125,0.06796875
images/93dcd579-31dc-424c-9a2e-c77f7d66f8d5.jpg,0.42734375,0.428125,0.7703125,0.83359375
images/3ca9d65a-df96-4b36-b241-a3e08c42d888.jpg,0.6453125,0.36640625,0.40703125,0.175
images/1c169838-305a-4a5d-a6fc-00749ff42220.jpg,0.46484375,0.48984375,0.21796875,0.0984375
images/3cbb534a-8c66-4eee-a97a-4d4ccb769917.jpg,0.2984375,0.33125,0.08125,0.07109375
images/7f9c12af-e6f6-4a51-b56b-85043270f8dd.jpg,0.590625,0.4390625,0.196875,0.16953125
images/b77e33ca-ea78-48c7-988b-dfe9e594ca54.jpg,0.64453125,0.7234375,0.0984375,0.11953125
images/8e6135cb-f4ba-4783-9760-fa4631a54138.jpg,0.4328125,0.36796875,0.14375,0.11953125
images/93d94509-c564-438f-8c14-dd2ff2af0b40.jpg,0.390625,0.71328125,0.13359375,0.0734375
images/b47cb45d-1a08-4494-91f8-2920150bda50.jpg,0.48671875,0.41171875,0.065625,0.08828125
images/d11c2b4d-55b2-43c8-baf8-e9413886ded8.jpg,0.53828125,0.42890625,0.9234375,0.60703125
images/a23b8604-fbc5-4ca5-8968-318cee05f699.jpg,0.490625,0.49765625,0.9546875,0.7703125
images/374c0cf4-6953-4c6f-abff-dbfcc1ebe797.jpg,0.5890625,0.40390625,0.13515625,0.10859375
images/25e32619-13b3-42ef-ab0c-7a45c525fd78.jpg,0.5,0.59453125,1.0,0.675
images/cd6dce04-3f44-4970-8fe3-c30ec34024a6.jpg,0.3609375,0.2078125,0.31640625,0.09296875
images/8b39c8ca-c5e0-48cc-8e54-812db3c0eb3d.jpg,0.76796875,0.3890625,0.4421875,0.6
images/8edd210e-40c7-4777-80ca-cce329e5e6c8.jpg,0.3859375,0.39609375,0.11328125,0.08359375
images/7a6591da-c845-4b4e-b938-55a3ffecee3b.jpg,0.58125,0.4859375,0.10859375,0.08046875
images/ea465a60-3cdf-4bf7-b090-ecea54be3ab3.jpg,0.4671875,0.41640625,0.075,0.04375
images/4d71c0b7-83a0-45c1-a23c-22f814427fb3.jpg,0.50234375,0.3859375,0.9921875,0.73359375
images/e8e34174-e4ab-451c-99d1-838b781d7d26.jpg,0.49765625,0.46875,0.91796875,0.58203125
images/529f7b71-ea56-490e-a4e2-084f6044edd6.jpg,0.503125,0.5046875,0.77890625,0.440625
images/69f6e09b-bce2-4e03-b17f-14d613888725.jpg,0.66484375,0.28671875,0.084375,0.1015625
images/ab9f4dfe-726c-41da-a28d-88ed1f938bc6.jpg,0.5,0.49140625,1.0,0.50546875
images/7890a7c4-5b51-473a-8db1-98ce1fda5758.jpg,0.47578125,0.12578125,0.1796875,0.2515625
images/abc7a3c8-b844-4e54-867f-3553d004e2fd.jpg,0.49453125,0.35390625,0.11953125,0.14453125
images/d04724d1-756d-4332-9ea4-311a7f414d9e.jpg,0.56328125,0.4484375,0.2015625,0.13046875
images/e1d68e94-b53a-4fbe-a24f-a39302148a57.jpg,0.73046875,0.3984375,0.15703125,0.13984375
images/d439a3fb-4c2c-4aa9-b44c-6c84c86b63d2.jpg,0.53203125,0.5265625,0.9359375,0.83828125
images/706764e5-0056-4451-b718-c5964abf6267.jpg,0.40390625,0.44609375,0.1453125,0.103125
images/1b3507b4-e0b1-4705-826d-4648c041927d.jpg,0.496875,0.840625,0.10078125,0.109375
images/deaa73b4-5995-44d1-b3e1-31551f49674f.jpg,0.459375,0.32578125,0.440625,0.4171875
images/5f8cbd97-d07c-4960-8ca6-18371cb94489.jpg,0.53203125,0.3640625,0.5546875,0.34453125
images/a17d43fc-6f89-44c4-a1af-67a1d3353a84.jpg,0.628125,0.2359375,0.23359375,0.20546875
images/24d59ea6-8fd1-419e-9f27-eb6d27c5d309.jpg,0.57890625,0.49140625,0.62890625,0.6390625
images/ab203211-13a6-412c-97c2-1b2ee9e78d58.jpg,0.5,0.43828125,1.0,0.690625
images/c4f57d32-3f37-4e08-a3ae-86a766d7b9a4.jpg,0.53046875,0.515625,0.9390625,0.81796875
images/08aca1d0-1d9b-48e6-a6ed-e7d065388ae1.jpg,0.54921875,0.52265625,0.73515625,0.48125
images/c0bd528d-6aed-4fa2-a986-1d8a7ea33b4e.jpg,0.56875,0.428125,0.2734375,0.2390625
images/18a64b39-c60d-4e49-b73a-1bb5a44d7371.jpg,0.503125,0.475,0.890625,0.5421875
images/fa7b0179-c5ba-4673-9169-5f16d572a73a.jpg,0.540625,0.6390625,0.08125,0.10546875
images/2f3207df-e168-443a-89b1-6d888e26cae7.jpg,0.1078125,0.23515625,0.12109375,0.153125
images/2c8efba4-ad69-46c9-ad3d-23cbdd4dc220.jpg,0.521875,0.32265625,0.94296875,0.48203125
images/a1631fa5-99e1-4961-bf0d-341237ceccfb.jpg,0.53515625,0.4875,0.2265625,0.1359375
images/f71882c2-5003-462b-9d38-3764a3474d1c.jpg,0.58125,0.46953125,0.12734375,0.13046875
images/79bb3d8c-5033-453d-8e18-e86841ca1021.jpg,0.4703125,0.3671875,0.15234375,0.14296875
images/f0cb7705-a848-4478-b1db-6e6bc9ea93d0.jpg,0.546875,0.01171875,0.02421875,0.0234375
images/10d2bcc0-8454-4901-bfa5-20465b9c90c7.jpg,0.48203125,0.44140625,0.2171875,0.28359375
images/86084b57-df87-4565-980a-c6094aca8389.jpg,0.43359375,0.60625,0.1078125,0.0875
images/36c02e52-8f6e-4ad9-9563-29a7f152c177.jpg,0.60703125,0.4578125,0.1078125,0.0765625
images/4a1a25f8-a97c-4d64-abb7-89a2595b01c4.jpg,0.6953125,0.521875,0.1796875,0.14140625
images/6c2cb4da-8f7e-4bf0-9c4a-bec970065cbe.jpg,0.5,0.50703125,1.0,0.40703125
images/995504cc-38a9-4929-b46b-fac717992b46.jpg,0.421875,0.32109375,0.22578125,0.19140625
images/7ddcd428-555e-49c3-838a-f6fcd5923fa5.jpg,0.37265625,0.30703125,0.1328125,0.09140625
images/b2f536d3-0ecb-4d44-9e36-a42418ab03f5.jpg,0.44921875,0.48515625,0.109375,0.0984375
images/43b758b2-f5b8-4f8a-b0d0-503fe325aefd.jpg,0.40703125,0.42890625,0.08359375,0.0359375
images/a2e3b42a-89df-48f9-8348-beb9c3113c0a.jpg,0.3921875,0.528125,0.55859375,0.3453125
images/b3e6e45d-c2a2-4556-8f6a-77a9525ec7e6.jpg,0.45703125,0.4765625,0.7265625,0.809375
images/65848ef0-a88b-4da8-8ec9-09c5f17a57df.jpg,0.878125,0.4109375,0.12734375,0.09765625
images/d69760be-696a-4919-9575-03df08144c6d.jpg,0.49375,0.478125,0.68046875,0.6140625
images/e158949d-1336-4688-8746-00106b77d778.jpg,0.50859375,0.35234375,0.9828125,0.51953125
images/d7576201-4c21-4ba8-ba86-fd50e137f94c.jpg,0.7,0.4140625,0.2859375,0.190625
images/0253511b-1e1f-48dd-8872-32cb4d93352c.jpg,0.5515625,0.43828125,0.36015625,0.33828125
images/39ddd0ba-569d-4c36-bb3b-a1d028bdba9b.jpg,0.50078125,0.36328125,0.99765625,0.29765625
images/0ae84ca0-c0c9-420f-aff5-319f0efa96a5.jpg,0.50859375,0.4015625,0.4640625,0.33046875
images/e16f8450-491a-496f-8e85-afd08670415a.jpg,0.5078125,0.1,0.31171875,0.11171875
images/57a45979-75e5-4145-965e-e3a927330eb3.jpg,0.46953125,0.48828125,0.89765625,0.6421875
images/8a93b0a8-96c8-4733-ba3c-6870feefc2a6.jpg,0.51484375,0.409375,0.81328125,0.48671875
images/87d0bec2-6b03-45ed-b924-d12facdc5b75.jpg,0.440625,0.35234375,0.340625,0.1515625
images/4fbf192c-30e1-417f-9e27-75f8a3fc3853.jpg,0.503125,0.46875,0.11796875,0.16875
images/4d86f903-254f-4169-9925-e33a3304d00b.jpg,0.646875,0.20703125,0.08125,0.0859375
images/95a5d354-0899-40c2-84ca-e2a4778c48ea.jpg,0.46875,0.29609375,0.3734375,0.40390625
images/42b6314b-ffdd-49cf-8bd0-606124fc80d3.jpg,0.46640625,0.459375,0.06328125,0.03046875
images/bbec8cff-3bd5-45e1-9470-05c8d16e4d1b.jpg,0.52578125,0.38359375,0.2546875,0.2609375
images/cdb1781f-baeb-4d0b-934c-5a6e74f2b8e7.jpg,0.4921875,0.3640625,0.80078125,0.521875
images/7739306f-a325-4453-a2f1-080391a6c126.jpg,0.77421875,0.56328125,0.08828125,0.09765625
images/7b9d12a7-5fe7-4ea4-8dc5-097c83b7af6a.jpg,0.53671875,0.346875,0.1484375,0.1
images/acbaa33f-20ee-4a64-9fa5-f5284e0c629a.jpg,0.64765625,0.57890625,0.1140625,0.146875
images/e87ddcf5-e0d0-452b-8ae7-a356d6628d24.jpg,0.51640625,0.44453125,0.30078125,0.1890625
images/c362d892-29cc-4ae1-b67d-8068d2921b78.jpg,0.7171875,0.49609375,0.19296875,0.21796875
images/85d290e3-37b3-4be8-b278-3a92367ac8a3.jpg,0.5,0.5109375,0.44140625,0.2265625
images/ebadf948-2f0f-40ab-a36e-8231f21884cd.jpg,0.425,0.13984375,0.1578125,0.2125
images/f77198a1-7eb7-41de-ad53-5257e17174e9.jpg,0.54140625,0.4390625,0.6671875,0.69765625
images/8ad5aacb-452c-4418-9022-3ce1962863b1.jpg,0.55625,0.40625,0.0828125,0.0765625
images/1a81bd39-240e-4815-a8ff-38b0c7f57432.jpg,0.6203125,0.634375,0.059375,0.05859375
images/f5b1d8ea-6d91-482e-8aa3-e60d2a761d18.jpg,0.24375,0.39609375,0.16875,0.10859375
images/5786f11f-90e7-48ea-accd-8654f5ca3b8b.jpg,0.390625,0.171875,0.18125,0.1609375
images/81f64b52-b7fc-4754-b7e6-4dabe575529a.jpg,0.45,0.43359375,0.84375,0.8609375
images/e24cf182-9f07-405f-8b24-2ad9623f727b.jpg,0.4890625,0.30078125,0.7390625,0.60078125
images/fea284fe-7a59-466b-857c-0c51c8fe6f0c.jpg,0.653125,0.30234375,0.59140625,0.48984375
images/a7e354cb-b511-41cb-8a35-42cf89252341.jpg,0.4671875,0.47890625,0.78125,0.88984375
images/d05a3ea1-d498-4554-87a1-d87269e7c7f8.jpg,0.4125,0.38671875,0.11484375,0.04296875
images/36daa706-19b1-4974-8a8f-35073c653f18.jpg,0.5484375,0.20390625,0.03515625,0.0359375
images/f99dd912-212f-4acb-a6f8-22949b3d7cca.jpg,0.66015625,0.50234375,0.165625,0.140625
images/1a819b4e-6c2b-4fd5-8a37-921a67c5288e.jpg,0.48515625,0.13203125,0.084375,0.09140625
images/7d881743-fd46-4d21-b151-67ffa940fe58.jpg,0.47890625,0.60625,0.496875,0.3015625
images/d9a57ed0-9eb9-4f11-8cc0-0a12a7bafd9b.jpg,0.31328125,0.49375,0.4921875,0.709375
images/30cb730d-5eda-4fb2-be67-1aba54dc8898.jpg,0.421875,0.64609375,0.51953125,0.2859375
images/ead97fa8-f58f-4aa7-9466-041fcee97a4a.jpg,0.51953125,0.565625,0.3890625,0.28046875
images/d6597aa9-1154-49ca-94e6-03e08a004178.jpg,0.5015625,0.40234375,0.71171875,0.29296875
images/d1abf5f7-ed18-4f03-b7fb-b1505c39ef23.jpg,0.5875,0.21640625,0.03203125,0.0390625
images/c9d5b665-f9c5-4fe9-9e7b-e6ef1fc107e6.jpg,0.5359375,0.38984375,0.84140625,0.5921875
images/858b9ec3-41d9-4439-8652-eb7af0803f1f.jpg,0.5375,0.3390625,0.0859375,0.0609375
images/44d3542b-6583-42a9-a979-96df4fb7942f.jpg,0.35703125,0.31640625,0.70703125,0.38359375
images/752a7a55-e310-4b7a-9fac-c2695ec08338.jpg,0.5,0.3421875,1.0,0.55234375
images/3dc6eff6-ba59-47a3-bd83-ee6702ff75ab.jpg,0.6359375,0.27734375,0.6078125,0.334375
images/98be9461-af32-490b-bb3b-2a016d4d7860.jpg,0.48828125,0.43828125,0.10703125,0.0546875
images/705c9622-dd6d-419e-98b0-253d30d83960.jpg,0.50625,0.35703125,0.209375,0.20859375
images/1f21e643-5a64-4d4b-8884-e2d0cdd6001e.jpg,0.5109375,0.42265625,0.12265625,0.11015625
images/ef1e03a7-1a1d-4291-aaa7-7beb99969bc4.jpg,0.65625,0.76640625,0.09375,0.13359375
images/eb893711-9aa4-46c1-8b8d-c142abb6ba6f.jpg,0.6125,0.51328125,0.08828125,0.084375
images/4526278a-df36-493c-a857-fb21c68fda13.jpg,0.4671875,0.5375,0.12890625,0.103125
images/e0d9f114-9ca1-4cd0-9309-b1bbb741e171.jpg,0.5484375,0.19375,0.23125,0.3875
images/cbedf870-dd1f-4852-9d4a-d25a5badc72a.jpg,0.71640625,0.2765625,0.18359375,0.23984375
images/8991ac18-8330-45a8-9f69-4ae343cdd058.jpg,0.50859375,0.49453125,0.971875,0.5109375
images/92842fe6-27d8-4f3a-8e89-f11c18c75000.jpg,0.48125,0.371875,0.053125,0.05859375
images/79c2dd41-b5c8-4a00-96ae-78d282357c2e.jpg,0.55859375,0.40546875,0.5625,0.296875
images/b036ccff-77d0-43f6-8482-100cbfa58888.jpg,0.50859375,0.51484375,0.90859375,0.49609375
images/5e2f2346-1e52-48dc-9e13-5f876e5ac9c0.jpg,0.51484375,0.496875,0.81015625,0.4796875
images/17027417-188a-44f3-985b-9451e67fa8f3.jpg,0.575,0.43671875,0.3984375,0.2625
images/49bf1703-28e5-4f88-930f-bb504aff1020.jpg,0.4875,0.24609375,0.871875,0.49140625